website,url,domain
A List ,https://www.a-list.sg,a-list.sg
ActiveHealth ,https://www.activehealth.sg,activehealth.sg
APER Forum ,https://www.aperforum.org,aperforum.org
Artweek.sg ,https://www.artweek.sg,artweek.sg
ASEAN Digital Library ,https://www.aseanlibrary.org,aseanlibrary.org
ASEAN IP Portal ,https://www.aseanip.org,aseanip.org
CommonSpaces ,https://www.commonspaces.sg,commonspaces.sg
Embracing Parenthood Portal ,https://www.embracingparenthood.sg,embracingparenthood.sg
Families for Life ,https://www.familiesforlife.sg,familiesforlife.sg
Fulcrum.sg ,https://fulcrum.sg,fulcrum.sg
HealthHub ,https://www.healthhub.sg,healthhub.sg
Integrated Electronic Litigation system ,https://www.elitigation.sg,elitigation.sg
International Association of Labour Inspection (IALI) ,https://www.iali-aiit.org,iali-aiit.org
International Built Environment Week (IBEW) ,https://www.ibew.sg,ibew.sg
Inter-Racial and Religious Confidence Circle (IRCC) ,https://www.ircc.sg,ircc.sg
Lee Kuan Yew Fund for Bilingualism ,https://www.bilingualism.sg,bilingualism.sg
Lumi Health ,https://www.lumihealth.sg,lumihealth.sg
M3.sg ,https://www.m3.sg,m3.sg
MCOnline ,https://www.mconline.sg,mconline.sg
MyActiveSG ,https://www.myactivesg.com,myactivesg.com
National Reading Movement ,https://readingnation.nlb.gov.sg,readingnation.nlb.gov.sg
NP Arts Fiesta ,https://for.edu.sg/npaf22,for.edu.sg
NS Portal ,https://www.ns.sg,ns.sg
Parforum ,https://www.parforum.sg,parforum.sg
Public Hygiene Council ,https://www.publichygienecouncil.sg,publichygienecouncil.sg
Sentosa ,https://www.sentosa.com.sg,sentosa.com.sg
SG Website ,https://www.sg,sg
Singapore International Water Week (SIWW) ,https://www.siww.com.sg,siww.com.sg
Singapore Maritime Week ,https://www.smw.sg,smw.sg
Singapore Memory ,https://www.singaporememory.sg,singaporememory.sg
Singapore Week of Innovation & Technology (SWITCH) ,https://switchsg.org,switchsg.org
Singapore Writers Festival ,https://www.singaporewritersfestival.com/,singaporewritersfestival.com
Smart Nation Ambassador Learning Portal ,https://www.snalearn.org.sg,snalearn.org.sg
Social Development Network ,https://www.sdn.sg,sdn.sg
Southeast Asia Regional Anti-Doping Organisation (SEARADO) ,https://www.searado.com,searado.com
SportSync ,https://www.sportsync.sg,sportsync.sg
Sun Yat Sen Nanyang Memorial Hall ,https://www.sysnmh.org.sg,sysnmh.org.sg
Super Low Energy Building (SLEB) ,https://www.sleb.sg,sleb.sg
Team Singapore ,https://www.teamsingapore.sg,teamsingapore.sg
Tripartite Alliance Limited ,https://www.tal.sg/,tal.sg
VisitSingapore ,https://www.visitsingapore.com,visitsingapore.com
WOGAA ,https://wogaa.sg,wogaa.sg
World Cities Summit ,https://www.worldcitiessummit.com.sg,worldcitiessummit.com.sg
Youth Action Plan ,https://www.youthactionplan.sg,youthactionplan.sg
Youth Conversation Blog ,https://youthconvo.sg,youthconvo.sg
Admiralty Medical Centre  ,https://www.admiraltymedicalcentre.com.sg,admiraltymedicalcentre.com.sg
Agency for Integrated Care (AIC)  ,https://www.aic.sg,aic.sg
Alexandra Hospital  ,https://www.ah.com.sg,ah.com.sg
Aljunied Hougang Town Council  ,https://www.ahtc.sg,ahtc.sg
Ang Mo Kio Town Council  ,https://www.amktc.org.sg,amktc.org.sg
ASEAN GeoSpatial ,https://aseangeospatial.org,aseangeospatial.org
ASEAN Specialised Meteorological Centre ,https://asmc.asean.org,asmc.asean.org
Asia Tech x Singapore ,https://www.asiatechxsg.com,asiatechxsg.com
Automobile Association of Singapore  ,https://www.aas.com.sg,aas.com.sg
Better Internet ,https://www.betterinternet.sg,betterinternet.sg
Bishan Toa Payoh Town Council  ,https://www.btptc.org.sg,btptc.org.sg
Bukit Batok Driving Centre Pte Ltd (BBDC) ,https://info.bbdc.sg/,info.bbdc.sg
Care To Go Beyond ,https://www.caretogobeyond.sg,caretogobeyond.sg
Career Matching Provider ,https://ingeus.com.sg,ingeus.com.sg
Chua Chu Kang Town Council  ,https://www.ccktc.org.sg,ccktc.org.sg
Community Health Assist Scheme (CHAS)  ,https://www.chas.sg,chas.sg
COSEM Safety & Security Services Pte Ltd  ,https://www.cosem.org.sg,cosem.org.sg
East Coast Town Council  ,https://ectc.org.sg,ectc.org.sg
FACSMAB  ,https://www.facsmab.org,facsmab.org
Healthcare Scholarship  ,https://www.healthcarescholarships.sg/,healthcarescholarships.sg
Holland Bukit Panjang Town Council  ,https://www.hbptc.org.sg,hbptc.org.sg
Institute of Mental Health (IMH)  ,https://www.imh.com.sg,imh.com.sg
Integrated Health Information Systems (IHiS)  ,https://www.ihis.com.sg,ihis.com.sg
Innovation Partner for Impact (IPI)  ,https://www.ipi-singapore.org,ipi-singapore.org
Jalan Besar Town Council  ,https://www.jbtc.org.sg,jbtc.org.sg
Jurong Clementi Town Council  ,https://www.jrtc.org.sg,jrtc.org.sg
Jurong Community Hospital ,https://www.jch.com.sg,jch.com.sg
Khoo Teck Puat Hospital ,https://www.ktph.com.sg,ktph.com.sg
KK Women's and Children's Hospital  ,https://www.kkh.com.sg,kkh.com.sg
Marine Parade Town Council  ,https://www.mptc.org.sg,mptc.org.sg
Marsiling Yew Tee Town Council  ,https://www.myttc.org.sg,myttc.org.sg
MOH Holdings (MOHH)  ,https://www.mohh.com.sg,mohh.com.sg
MOH Office for Healthcare Transformation  ,https://www.moht.com.sg,moht.com.sg
National Council on Problem Gambling  ,https://www.ncpg.org.sg,ncpg.org.sg
National Crime Prevention Council (NCPC)  ,https://www.ncpg.org.sg,ncpg.org.sg
National Dental Centre Singapore (NDCS)  ,https://www.ndcs.com.sg,ndcs.com.sg
National Fire and Civil Emergency Preparedness Council (NFEC)  ,https://www.nfec.org.sg,nfec.org.sg
National Healthcare Group (NHG)  ,https://corp.nhg.com.sg,corp.nhg.com.sg
National Healthcare Group Polyclinics (NHGP)  ,https://www.nhgp.com.sg,nhgp.com.sg
National Heart Centre Singapore ,https://www.nhcs.com.sg,nhcs.com.sg
National Neuroscience Institute (NNI) ,https://www.nni.com.sg,nni.com.sg
National Police Cadet Corp (NPCC) ,https://www.npcc.org.sg,npcc.org.sg
National Skin Centre ,https://www.nsc.com.sg,nsc.com.sg
"National University Cancer Institute, Singapore  ",https://www.ncis.com.sg,ncis.com.sg
"National University Centre for Oral Health, Singapore (NUCOHS)  ",https://www.nucohs.com.sg,nucohs.com.sg
National University Health System (NUHS) ,https://www.nuhs.edu.sg,nuhs.edu.sg
"National University Heart Centre, Singapore ",https://www.nuhcs.com.sg,nuhcs.com.sg
National University Hospital (NUH) ,https://www.nuhs.edu.sg,nuhs.edu.sg
National University Polyclinics ,https://www.nup.com.sg,nup.com.sg
National Council Against Drug Abuse (NCADA)  ,https://www.ncada.org.sg,ncada.org.sg
Nee Soon Town Council  ,https://www.nstc.org.sg,nstc.org.sg
Ng Teng Fong General Hospital (NTFGH) ,https://www.ntfgh.com.sg/,ntfgh.com.sg
Pasir Ris Punggol Town Council ,https://www.prpg-tc.org.sg,prpg-tc.org.sg
RP Online Courses ,https://rpace.floralms.com,rpace.floralms.com
Safe Sport Commission ,https://www.safesport.sg,safesport.sg
Scam Alert ,https://www.scamalert.sg,scamalert.sg
ScamShield ,https://www.scamshield.org.sg,scamshield.org.sg
Sembawang Town Council ,https://www.sbtc.org.sg,sbtc.org.sg
Sengkang General Hospital  ,https://www.sbtc.org.sg,sbtc.org.sg
Sengkang Town Council ,https://www.sktc.sg,sktc.sg
SG Enable ,https://www.sgenable.sg,sgenable.sg
Singapore Cooperation Enterprise (SCE) ,https://sce.org.sg,sce.org.sg
Singapore General Hospital ,https://www.sgh.com.sg,sgh.com.sg
Singapore Israel Industrial R&D Foundation ,https://www.siird.com,siird.com
Singapore National Eye Centre (SNEC)  ,https://www.snec.com.sg,snec.com.sg
Singapore Road Safety Council ,https://srsc.org.sg,srsc.org.sg
Singapore Safety Driving Centre (SSDC) ,https://ssdcl.com.sg,ssdcl.com.sg
Singapore Women in Tech ,https://www.sgwomenintech.sg,sgwomenintech.sg
SingHealth ,https://www.singhealth.com.sg,singhealth.com.sg
Special Needs Trust Company ,https://ssdcl.com.sg,ssdcl.com.sg
Tampines Town Council ,https://www.tampines.org.sg,tampines.org.sg
Tan Tock Seng Hospital (TTSH) ,https://www.ttsh.com.sg,ttsh.com.sg
Tanjong Pagar Town Council ,https://www.tptc.org.sg,tptc.org.sg
Tax Academy of Singapore ,https://taxacademy.sg,taxacademy.sg
West Coast Town Council Website ,https://wctc.org.sg,wctc.org.sg
Yellow Ribbon Industries ,https://www.yri.com.sg,yri.com.sg
Yishun Community Hospital ,https://www.yishuncommunityhospital.com.sg,yishuncommunityhospital.com.sg
Blackdot Research,https://blackdotresearch.sg,blackdotresearch.sg
Reuters News,https://www.reuters.com,reuters.com
My Singapore News,https://mysingaporenews.blogspot.com,mysingaporenews.blogspot.com
Sure Boh Singapore,https://sureboh.sg,sureboh.sg
DBS Singapore,https://www.dbs.com,dbs.com
Media Infoline (India site),https://www.mediainfoline.com,mediainfoline.com
Mothership,https://mothership.sg,mothership.sg
Straits Times,https://straitstimes.com,straitstimes.com
Today Online,https://todayonline.com,todayonline.com
The Independent Singapore,https://theindependent.sg,theindependent.sg
The New Paper,https://www.tnp.sg,tnp.sg
Mustshare News,https://mustsharenews.com,mustsharenews.com
Get India News,https://getindianews.com,getindianews.com
Singapore Uncensored,https://singaporeuncensored.com,singaporeuncensored.com
CNS News (Media Research Center - USA),https://cnsnews.com,cnsnews.com
AFP Factcheck,https://factcheck.afp.com,factcheck.afp.com
The defense post,https://www.thedefensepost.com,thedefensepost.com
Asia Times,https://asiatimes.com,asiatimes.com
Bloomberg,https://www.bloomberg.com,bloomberg.com
Times of Israel,https://timesofisrael.com,timesofisrael.com
AsiaOne,https://www.asiaone.com,asiaone.com
Techbondhu,https://techbondhu.com,techbondhu.com
BuzzOn,https://buzzon.live,buzzon.live
BusinessTImes,https://www.businesstimes.com.sg,businesstimes.com.sg
AsiaNewsDay,https://www.asianewsday.com,asianewsday.com
RedHot,https://www.redhot.sg,redhot.sg
NYTimes,https://www.nytimes.com,nytimes.com
Defence View,https://www.defenceview.in,defenceview.in
PublicNews,https://publicnewstime.com/,publicnewstime.com
Mirror,https://www.mirror.co.uk,mirror.co.uk
NationThailand,https://www.nationthailand.com,nationthailand.com
Independent_ie,https://www.independent.ie,independent.ie
The Conversation,https://theconversation.com/,theconversation.com
Time,https://time.com,time.com
American Post,https://www.americanpost.news,americanpost.news
BBC,https://www.bbc.com,bbc.com
Inside Headline,https://insideheadline.com,insideheadline.com
Deccan Herald,https://www.deccanherald.com,deccanherald.com
Asia Nikkei,https://asia.nikkei.com,asia.nikkei.com
East Asia Forum,https://www.eastasiaforum.org,eastasiaforum.org
The Hindu,https://www.thehindu.com,thehindu.com
The Economic Times,https://economictimes.indiatimes.com,economictimes.indiatimes.com
Stomp Straits Times,https://stomp.straitstimes.com,stomp.straitstimes.com
Channel News Asia,https://www.channelnewsasia.com,channelnewsasia.com
Give Asia,https://give.asia,give.asia
New Straits Times,https://www.nst.com.my,nst.com.my
The Sun Daily,https://www.thesundaily.my,thesundaily.com
The News Singapore,https://thenews.sg,thenews.sg
Bloomberg Law,https://news.bloomberglaw.com,news.bloomberglaw.com
Colors of India,https://colorsofindia.media,colorsofindia.media
The Guardian,https://www.theguardian.com,theguardian.com
The Globe and Mail,https://www.theglobeandmail.com,theglobeandmail.com
Daily Mail,https://www.dailymail.co.uk,dailymail.co.uk
Spam Chronicles,https://www.spamchronicles.com,spamchronicles.com
India Today,https://www.indiatoday.in,indiatoday.in
Money Control,https://www.moneycontrol.com,moneycontrol.com
Wion News,https://www.wionews.com,wionews.com
Borneo Bulletin,https://borneobulletin.com.bn,borneobulletin.com.bn
The Malaysian Reserve,https://themalaysianreserve.com,themalaysianreserve.com
Free Malaysia Today,https://www.freemalaysiatoday.com,freemalaysiatoday.com
Yahoo,https://www.yahoo.com,yahoo.com
The Crowd Review,https://thecrowdreview.com,thecrowdreview.com
UTM Malaysia,https://people.utm.my,people.utm.my
Hindustan Times,https://www.hindustantimes.com,hindustantimes.com
Frontline The Hindu,https://frontline.thehindu.com,frontline.thehindu.com
Ejercitos,https://www.revistaejercitos.com/,revistaejercitos.com/
The Sun,https://www.the-sun.com,the-sun.com
The Rappler,https://www.rappler.com,rappler.com
News Beezer,https://newsbeezer.com,newsbeezer.com
npr,https://www.npr.org,npr.org
ABC News,https://abcnews.go.com,abcnews.go.com
wjct,https://news.wjct.org,news.wjct.org
KFDA,https://www.newschannel10.com,newschannel10.com
wbay,https://www.wbay.com,wbay.com
Fox8 Live,https://www.fox8live.com,fox8live.com
HanKyoreh,https://english.hani.co.kr,english.hani.co.kr
Yonhap News Agency,https://en.yna.co.kr,en.yna.co.kr
Finance Yahoo,https://finance.yahoo.com,finance.yahoo.com
Sports Yahoo,https://sports.yahoo.com,sports.yahoo.com
Daily Sun,https://www.daily-sun.com,daily-sun.com
SCMP,https://www.scmp.com,scmp.com
The Economist,https://www.economist.com,economist.com
Alpha News,https://alphanews.site,alphanews.site
The Siasat Daily,https://www.siasat.com,siasat.com
The AsiaParent,https://sg.theasianparent.com,sg.theasianparent.com
Animal Wellness,https://animalwellnessmagazine.com,animalwellnessmagazine.com
